{"cameraMode":{"drawMode":0,"name":"Shaded","section":"Shading Mode"},"sceneLighting":true,"audioPlay":false,"sceneViewState":{"m_AlwaysRefresh":false,"showFog":true,"showSkybox":true,"showFlares":true,"showImageEffects":true,"showParticleSystems":true,"showVisualEffectGraphs":true,"m_FxEnabled":true},"in2DMode":false,"pivot":{"x":-107.91942596435547,"y":33.242286682128909,"z":-27.89608383178711},"rotation":{"x":0.008510870859026909,"y":0.9867572784423828,"z":-0.1524750292301178,"w":0.05512043833732605},"size":131.270751953125,"orthographic":true}