{"cameraMode":{"drawMode":0,"name":"Shaded","section":"Shading Mode"},"sceneLighting":false,"audioPlay":false,"sceneViewState":{"m_AlwaysRefresh":false,"showFog":true,"showSkybox":false,"showFlares":true,"showImageEffects":true,"showParticleSystems":true,"showVisualEffectGraphs":true,"m_FxEnabled":true},"in2DMode":false,"pivot":{"x":4.041887283325195,"y":2.982649087905884,"z":29.615236282348634},"rotation":{"x":0.14253152906894685,"y":-0.13172799348831178,"z":0.019140716642141343,"w":0.9808160066604614},"size":4.566412448883057,"orthographic":true}